source_id,category,name,url,last_checked,purpose,notes
SRC-AUCT-BAANKNET,Auction,BAANKNET auction portal,https://baanknet.com/,2026-10-07,Official bank auction search and bidder information,User-provided auction records are snapshots; open the portal and current bank notice to confirm each property and deadline.
SRC-AUCT-SBI,Auction,SBI auction notices,https://sbi.co.in/web/sbi-in-the-news/auction-notices/sarfaesi-and-others,2026-10-07,Official State Bank of India sale notices,Check the individual sale notice for reserve price possession title and auction dates.
SRC-AUCT-UNION,Auction,Union Bank auction property search,https://www.unionbankofindia.bank.in/auction-property/view-auction-property.aspx,2026-10-07,Official Union Bank auction property search,The bank directs bidders to the current e-auction portal and notice.
SRC-AUCT-PNB,Auction,Punjab National Bank e-auction notices,https://www.pnb.bank.in/EAuction.aspx,2026-10-07,Official PNB immovable property auction notices,Confirm details with the underlying bank notice.
SRC-AUCT-NIC,Auction,Government of India eAuction India,https://eauction.gov.in/,2026-10-07,Government e-auction portal hosted by National Informatics Centre,General public-sector auctions; property availability varies by agency.
SRC-LOAN-SBI,Loan,SBI home loans and plot-plus-construction,https://sbi.co.in/web/interest-rates/interest-rates/loan-schemes-interest-rates/home-loans-interest-rates-current,2026-10-07,"Official SBI home-loan rate and product page; ask SBI about plot purchase with construction","Check current product availability, construction timelines, rate, fees, property criteria, and eligibility with SBI; auction finance is not assumed."
SRC-LOAN-SBI-MITC,Loan,SBI home-loan terms and conditions,https://sbi.co.in/webfiles/uploads/files/1325065777150_APPROVED_MITC_VER_5_0_APPFORM.pdf,2026-10-07,"Official SBI home-loan terms document","Check the current product version and confirm plot-plus-construction terms, property criteria, rates, and eligibility with SBI."
SRC-LOAN-HDFC,Loan,HDFC Bank home and plot loans,https://www.hdfc.com/ps/home-loans-in-india,2026-10-07,"Official HDFC home-loan information including home purchase and plot-loan routes","Check the current rate, fees, plot conditions, and applicant eligibility directly; terms can change."
SRC-LOAN-ICICI,Loan,ICICI Bank home loans,https://www.icici.bank.in/personal-banking/loans/home-loan,2026-10-07,"Official ICICI home-loan product information for buying or building a home","Check current rate, fees, property criteria, and eligibility directly; terms can change."
SRC-LOAN-ICICI-RATES,Loan,ICICI Bank home-loan interest rates,https://www.icici.bank.in/personal-banking/loans/home-loan/interest-rates,2026-10-07,"Official interest-rate information page","Use the bank page for current rates and validity; displayed rates and terms may change."
SRC-LOAN-AXIS,Loan,Axis Bank home loans,https://www.axisbank.com/retail/loans/home-loan,2026-10-07,"Official Axis home-loan product information","Check current rate, fees, product fit, and eligibility directly; terms can change."
SRC-LOAN-CANARA,Loan,Canara Bank housing loans,https://canarabank.com/User_page.aspx?othlink=304,2026-10-07,"Official Canara Bank housing-loan information covering purchase and construction routes","Confirm current rates, fees, land/site conditions, and eligibility directly with the bank."
SRC-LOAN-INDIAN,Loan,Indian Bank home loans,https://www.indianbank.in/HI/,2026-10-07,"Official Indian Bank retail-loan information","Check current home-loan product terms, rates, fees, and eligibility directly with the bank."
SRC-LOAN-UNION-PLOT,Loan,Union Bank residential plot loan,https://www.unionbankofindia.bank.in/en/details/loan-for-purchase-of-plot,2026-10-07,"Official Union Bank plot-purchase product; page describes residential plot and approval conditions","Check current layout approvals, project/property conditions, rates, fees, and eligibility with Union Bank."
SRC-LOAN-PNB,Loan,PNB housing loan and composite plot-plus-house loan,https://www.pnbindia.in/housingloanforpublic.html,2026-10-07,"Official PNB housing-loan options include purchase/construction and a composite residential plot-plus-construction route","Confirm current plot/construction conditions, rates, margin, fees, property criteria, and eligibility directly with PNB."
SRC-LOAN-LICHFL,Loan,LIC Housing Finance home and plot loans,https://www.lichousing.com/,2026-10-07,"Official housing-finance company page lists home, plot, construction, NRI, and pensioner loan options","LIC Housing Finance is a housing-finance company, not a bank; check current rates, fees, conditions, and eligibility on its official site."
SRC-PROJ-STEPSSTONE,Project reference,StepsStone verified project records,https://stepsstone.in/,2026-10-06,User-provided verified project workbook,Project references do not establish that an individual plot or unit is currently available.
SRC-PROJ-VGN,Project reference,VGN official project directories,https://support.vgn.in/completed-projects,2026-10-06,Official VGN directory pages used by the audited workbook,Project references do not establish an individual unit is currently available; verify each field against its cited source.
SRC-PROJ-WISDOM,Project reference,Wisdom Properties official project pages,https://www.wisdomproperties.com/residential-plot-in-chennai,2026-10-06,Official project pages listed in the workbook source register,"Workbook prices can be estimates based on comparables; verify project, price and availability with the linked official page."
SRC-APPROVAL-CMDA,Approval record,CMDA 2024 layout planning permission register,https://cmdachennai.gov.in/layout/2024.html,2026-10-07,Official planning permission register,An approval record is not a current sale listing or proof of title or availability.
SRC-SALE-NOBROKER,Existing sale,NoBroker listing extract,https://www.nobroker.in/,2026-10-06,User-provided sale listing extract,Snapshot only; seller authority ownership history and live availability are not independently verified.
